MA_Carbohydrate (wt%),MA_Protein (wt%),MA_Lipid (wt%),MA_Ash (wt%),MA_C (wt%),MA_H (wt%),MA_N (wt%),MA_O (wt%),MA_S (wt%),HTL_Temperature (℃),HTL_Pressure (Mpa),HTL_Time (min),HTL_Concentration (wt%),BC_Yield (wt%)
33.5,49.5,6.3,7.2,46.7,6.8,7.4,39,0.1,220,,30,11,13.3
33.5,49.5,6.3,7.2,46.7,6.8,7.4,39,0.1,240,,30,11,14
33.5,49.5,6.3,7.2,46.7,6.8,7.4,39,0.1,265,,30,11,18
19.3,65.4,7.4,5.9,44.95,7.03,9.91,38.11,0,340,12,120,11,33.52
25.36,42.35,17.16,14.91,43.25,8.46,6.83,40.83,0.63,250,,60,10,8.6
25.36,42.35,17.16,14.91,43.25,8.46,6.83,40.83,0.63,350,,60,10,17.19
42.55,22.08,21.62,10.17,45.03,7.5,3.59,42.9,0.98,250,,60,10,12.54
42.55,22.08,21.62,10.17,45.03,7.5,3.59,42.9,0.98,350,,60,10,39.07
43.78,22.12,26.35,7.22,53.65,7.32,5.12,25.04,1.65,200,,40,25,35.43
43.78,22.12,26.35,7.22,53.65,7.32,5.12,25.04,1.65,250,,20,25,41.42
43.78,22.12,26.35,7.22,53.65,7.32,5.12,25.04,1.65,250,,60,25,42.21
43.78,22.12,26.35,7.22,53.65,7.32,5.12,25.04,1.65,200,,40,25,40.54
49.5,30.4,11.8,29.42,32.76,5.14,3.81,28.87,0,280,,30,9.09,26.13
30.6,40.5,21.9,4.4,49.9,7.9,6.3,28.7,0.6,210,,60,16.7,11.8
30.6,40.5,21.9,4.4,49.9,7.9,6.3,28.7,0.6,230,,60,16.7,17
30.6,40.5,21.9,4.4,49.9,7.9,6.3,28.7,0.6,250,,60,16.7,20.2
26.9,28,16.8,28.3,44.4,5.4,5.8,15.8,0.3,250,,5,6,17.6
26.9,28,16.8,28.3,44.4,5.4,5.8,15.8,0.3,375,,5,6,50.6
16,37.5,21.9,24.6,38,4.8,5.2,26.7,0.7,250,,5,6,40.8
16,37.5,21.9,24.6,38,4.8,5.2,26.7,0.7,375,,5,6,54.3
19.2,43.9,25.1,11.8,51,6.6,6.9,23.3,0.4,250,,5,6,34.4
19.2,43.9,25.1,11.8,51,6.6,6.9,23.3,0.4,375,,5,6,54.3
14.5,51.7,21.8,12,50.6,6.4,6.8,23.8,0.4,250,,5,6,35.7
14.5,51.7,21.8,12,50.6,6.4,6.8,23.8,0.4,375,,5,6,58.1
21,43.6,19.5,15.9,45,5.9,6.3,25.8,1.1,250,,5,6,29.4
21,43.6,19.5,15.9,45,5.9,6.3,25.8,1.1,375,,5,6,45.6
16.1,41.2,20.4,22.3,42.3,5.1,6.2,23.7,0.4,250,,5,6,33
16.1,41.2,20.4,22.3,42.3,5.1,6.2,23.7,0.4,375,,5,6,55.3
32.5,45.6,12.1,9.8,45.6,6.1,6,31.4,1.1,250,,5,6,24.7
32.5,45.6,12.1,9.8,45.6,6.1,6,31.4,1.1,375,,5,6,47.1
19.4,50.8,23.4,6.4,51.9,7.5,8.6,25.1,0.5,250,,5,6,44.8
19.4,50.8,23.4,6.4,51.9,7.5,8.6,25.1,0.5,375,,5,6,55.3
24.4,36.3,30.2,9.06,52.4,7.88,5.81,25,0.814,250,2.8,60,25,
24.4,36.3,30.2,9.06,52.4,7.88,5.81,25,0.814,300,8.9,60,25,
24.4,36.3,30.2,9.06,52.4,7.88,5.81,25,0.814,350,15,60,25,40.6
26.7,45.1,17.3,10.9,46.6,7.01,7.21,28.9,0.471,200,1.2,60,25,12.6
26.7,45.1,17.3,10.9,46.6,7.01,7.21,28.9,0.471,250,2.8,60,25,
26.7,45.1,17.3,10.9,46.6,7.01,7.21,28.9,0.471,300,8.9,60,25,
26.7,45.1,17.3,10.9,46.6,7.01,7.21,28.9,0.471,350,15,60,25,31.2
5.8,30,57.5,6.7,52.83,7.57,3.96,35.64,0,250,,10,14.3,39.53
5.8,30,57.5,6.7,52.83,7.57,3.96,35.64,0,250,,20,14.3,44.61
5.8,30,57.5,6.7,52.83,7.57,3.96,35.64,0,250,,30,14.3,45.21
5.8,30,57.5,6.7,52.83,7.57,3.96,35.64,0,250,,40,14.3,46.09
5.8,30,57.5,6.7,52.83,7.57,3.96,35.64,0,250,,60,14.3,45.51
5.8,30,57.5,6.7,52.83,7.57,3.96,35.64,0,300,,10,14.3,46.29
5.8,30,57.5,6.7,52.83,7.57,3.96,35.64,0,300,,20,14.3,46.93
5.8,30,57.5,6.7,52.83,7.57,3.96,35.64,0,300,,30,14.3,48.04
5.8,30,57.5,6.7,52.83,7.57,3.96,35.64,0,300,,40,14.3,47.84
5.8,30,57.5,6.7,52.83,7.57,3.96,35.64,0,300,,60,14.3,46.35
5.8,30,57.5,6.7,52.83,7.57,3.96,35.64,0,350,,10,14.3,50.11
5.8,30,57.5,6.7,52.83,7.57,3.96,35.64,0,350,,20,14.3,48.23
5.8,30,57.5,6.7,52.83,7.57,3.96,35.64,0,350,,30,14.3,48.5
5.8,30,57.5,6.7,52.83,7.57,3.96,35.64,0,350,,40,14.3,46.56
5.8,30,57.5,6.7,52.83,7.57,3.96,35.64,0,350,,60,14.3,44.69
5.8,30,57.5,6.7,52.83,7.57,3.96,35.64,0,400,,10,14.3,51.22
5.8,30,57.5,6.7,52.83,7.57,3.96,35.64,0,400,,20,14.3,48.05
5.8,30,57.5,6.7,52.83,7.57,3.96,35.64,0,400,,30,14.3,46.15
5.8,30,57.5,6.7,52.83,7.57,3.96,35.64,0,400,,40,14.3,43.44
5.8,30,57.5,6.7,52.83,7.57,3.96,35.64,0,400,,60,14.3,44.59
12,52,28,8,43.3,6,6.4,25.1,0.5,200,35,60,22.2,27
12,52,28,8,43.3,6,6.4,25.1,0.5,250,35,60,22.2,38
12,52,28,8,43.3,6,6.4,25.1,0.5,300,35,60,22.2,32
12,52,28,8,43.3,6,6.4,25.1,0.5,350,35,60,22.2,43
12,52,28,8,43.3,6,6.4,25.1,0.5,400,35,60,22.2,40
12,52,28,8,43.3,6,6.4,25.1,0.5,450,35,60,22.2,38
22.9,13.5,19.7,7.4,55.9,7.8,2.8,23.3,2.8,310,,60,5,23.1
22.9,13.5,19.7,7.4,55.9,7.8,2.8,23.3,2.8,350,,5,5,29
22.9,13.5,19.7,7.4,55.9,7.8,2.8,23.3,2.8,330,,60,5,25.7
22.9,13.5,19.7,7.4,55.9,7.8,2.8,23.3,2.8,350,,30,5,31
22.9,13.5,19.7,7.4,55.9,7.8,2.8,23.3,2.8,350,,60,5,30.8
22.9,13.5,19.7,7.4,55.9,7.8,2.8,23.3,2.8,350,,60,10,31.4
14.5,45.3,5.5,9.9,44.5,7.7,9.5,25.4,3,310,,5,5,59
14.5,45.3,5.5,9.9,44.5,7.7,9.5,25.4,3,310,,30,5,56.2
14.5,45.3,5.5,9.9,44.5,7.7,9.5,25.4,3,310,,60,5,59.1
14.5,45.3,5.5,9.9,44.5,7.7,9.5,25.4,3,310,,60,10,55.2
14.5,45.3,5.5,9.9,44.5,7.7,9.5,25.4,3,330,,60,5,56.5
14.5,45.3,5.5,9.9,44.5,7.7,9.5,25.4,3,350,,60,5,43.9
20,59,14,7,52.35,7.27,8.88,24.6,0.66,300,,1,15,13
20,59,14,7,52.35,7.27,8.88,24.6,0.66,300,40,3,15,38
20,59,14,7,52.35,7.27,8.88,24.6,0.66,300,40,5,15,44
20,59,14,7,52.35,7.27,8.88,24.6,0.66,350,40,1,15,23
20,59,14,7,52.35,7.27,8.88,24.6,0.66,400,40,1,15,32
20,59,14,7,52.35,7.27,8.88,24.6,0.66,400,40,5,15,43
20,59,14,7,52.35,7.27,8.88,24.6,0.66,450,40,1,15,52
20,59,14,7,52.35,7.27,8.88,24.6,0.66,450,40,3,15,48
20,59,14,7,52.35,7.27,8.88,24.6,0.66,450,40,5,15,42
20,59,14,7,52.35,7.27,8.88,24.6,0.66,500,40,3,15,45
20,59,14,7,52.35,7.27,8.88,24.6,0.66,500,40,5,15,28
20,59,14,7,52.35,7.27,8.88,24.6,0.66,300,40,60,15,46
20,59,14,7,52.35,7.27,8.88,24.6,0.66,350,40,60,15,40
20,59,14,7,52.35,7.27,8.88,24.6,0.66,400,40,60,15,34
20,59,14,7,52.35,7.27,8.88,24.6,0.66,450,40,60,15,17
20,59,14,7,52.35,7.27,8.88,24.6,0.66,250,40,20,15,35
20,59,14,7,52.35,7.27,8.88,24.6,0.66,250,40,30,15,35
20,59,14,7,52.35,7.27,8.88,24.6,0.66,250,40,60,15,43
20,59,14,7,52.35,7.27,8.88,24.6,0.66,250,40,90,15,34
20,59,14,7,52.35,7.27,8.88,24.6,0.66,300,40,10,15,51
20,59,14,7,52.35,7.27,8.88,24.6,0.66,300,40,20,15,52
20,59,14,7,52.35,7.27,8.88,24.6,0.66,300,40,40,15,49
20,59,14,7,52.35,7.27,8.88,24.6,0.66,300,40,60,15,41
20,59,14,7,52.35,7.27,8.88,24.6,0.66,300,40,90,15,41
20,59,14,7,52.35,7.27,8.88,24.6,0.66,350,40,10,15,44
20,59,14,7,52.35,7.27,8.88,24.6,0.66,350,40,20,15,41
20,59,14,7,52.35,7.27,8.88,24.6,0.66,350,40,40,15,44
20,59,14,7,52.35,7.27,8.88,24.6,0.66,350,40,60,15,42
20,59,14,7,52.35,7.27,8.88,24.6,0.66,350,40,90,15,44
20,59,14,7,52.35,7.27,8.88,24.6,0.66,400,40,10,15,23.9
20,59,14,7,52.35,7.27,8.88,24.6,0.66,400,40,20,15,39
20,59,14,7,52.35,7.27,8.88,24.6,0.66,400,40,30,15,35
20,59,14,7,52.35,7.27,8.88,24.6,0.66,400,40,40,15,34
35.38,35.2,0.5,28.92,33.56,5.16,5.85,25.89,0.62,250,,60,9.1,12.09
35.38,35.2,0.5,28.92,33.56,5.16,5.85,25.89,0.62,275,,60,9.1,13.33
35.38,35.2,0.5,28.92,33.56,5.16,5.85,25.89,0.62,300,,60,9.1,18.1
35.38,35.2,0.5,28.92,33.56,5.16,5.85,25.89,0.62,325,,60,9.1,20.23
35.38,35.2,0.5,28.92,33.56,5.16,5.85,25.89,0.62,350,,60,9.1,18.82
35.38,35.2,0.5,28.92,33.56,5.16,5.85,25.89,0.62,325,,15,9.1,15.81
35.38,35.2,0.5,28.92,33.56,5.16,5.85,25.89,0.62,325,,30,9.1,19.35
35.38,35.2,0.5,28.92,33.56,5.16,5.85,25.89,0.62,325,,45,9.1,20.97
35.38,35.2,0.5,28.92,33.56,5.16,5.85,25.89,0.62,325,,60,9.1,20.65
35.38,35.2,0.5,28.92,33.56,5.16,5.85,25.89,0.62,325,,90,9.1,20.32
26.97,29.6,8.2,35.23,31.92,4.45,5.22,22.04,1.14,250,,60,9.1,13
26.97,29.6,8.2,35.23,31.92,4.45,5.22,22.04,1.14,275,,60,9.1,13.95
26.97,29.6,8.2,35.23,31.92,4.45,5.22,22.04,1.14,300,,60,9.1,15.24
26.97,29.6,8.2,35.23,31.92,4.45,5.22,22.04,1.14,325,,60,9.1,17.91
26.97,29.6,8.2,35.23,31.92,4.45,5.22,22.04,1.14,350,,60,9.1,16.46
26.97,29.6,8.2,35.23,31.92,4.45,5.22,22.04,1.14,325,,15,9.1,13.64
26.97,29.6,8.2,35.23,31.92,4.45,5.22,22.04,1.14,325,,30,9.1,15.34
26.97,29.6,8.2,35.23,31.92,4.45,5.22,22.04,1.14,325,,45,9.1,15.98
26.97,29.6,8.2,35.23,31.92,4.45,5.22,22.04,1.14,325,,60,9.1,18.02
26.97,29.6,8.2,35.23,31.92,4.45,5.22,22.04,1.14,325,,90,9.1,17.19
19,60,6,15,42.26,5.86,3.47,47.26,1.15,310,11.5,30,25,30
19,60,6,15,42.26,5.86,3.47,47.26,1.15,350,19.5,30,25,38
19,60,6,15,42.26,5.86,3.47,47.26,1.15,375,25.5,10,25,38
33,37,12,18,55.16,6.87,2.73,33.97,1.27,310,10.7,30,25,46
33,37,12,18,55.16,6.87,2.73,33.97,1.27,350,17.5,30,25,34
12.4,36.4,19.05,8.91,49.27,7.27,6.29,37.17,0,200,,30,9.1,25.2
12.4,36.4,19.05,8.91,49.27,7.27,6.29,37.17,0,225,,30,9.1,27.3
12.4,36.4,19.05,8.91,49.27,7.27,6.29,37.17,0,250,,30,9.1,30.2
12.4,36.4,19.05,8.91,49.27,7.27,6.29,37.17,0,275,,30,9.1,29.7
12.4,36.4,19.05,8.91,49.27,7.27,6.29,37.17,0,300,,30,9.1,28.1
22,58,14,6,42,6.8,8,40.2,3,310,,5,16.6,40
22,58,14,6,42,6.8,8,40.2,3,310,,15,16.6,40
22,58,14,6,42,6.8,8,40.2,3,310,,30,16.6,41
22,58,14,6,42,6.8,8,40.2,3,310,,45,16.6,46
22,58,14,6,42,6.8,8,40.2,3,310,,60,16.6,43
22,58,14,6,42,6.8,8,40.2,3,330,,5,16.6,35
22,58,14,6,42,6.8,8,40.2,3,330,,15,16.6,35
22,58,14,6,42,6.8,8,40.2,3,350,,15,16.6,54
22,58,14,6,42,6.8,8,40.2,3,350,,30,16.6,51
22,58,14,6,42,6.8,8,40.2,3,350,,45,16.6,45
22,58,14,6,42,6.8,8,40.2,3,350,,60,16.6,41
22,58,14,6,42,6.8,8,40.2,3,370,,5,16.6,37
22,58,14,6,42,6.8,8,40.2,3,370,,15,16.6,42
27.2,52.4,14.1,6.3,43.7,7.7,7.5,29.1,0.67,220,,30,15,47.1
27.2,52.4,14.1,6.3,43.7,7.7,7.5,29.1,0.67,220,,60,20,45.2
27.2,52.4,14.1,6.3,43.7,7.7,7.5,29.1,0.67,220,,90,25,54.2
27.2,52.4,14.1,6.3,43.7,7.7,7.5,29.1,0.67,260,,30,20,54.7
27.2,52.4,14.1,6.3,43.7,7.7,7.5,29.1,0.67,260,,60,25,63.6
27.2,52.4,14.1,6.3,43.7,7.7,7.5,29.1,0.67,260,,90,15,41.7
27.2,52.4,14.1,6.3,43.7,7.7,7.5,29.1,0.67,300,,30,25,43.7
27.2,52.4,14.1,6.3,43.7,7.7,7.5,29.1,0.67,300,,60,15,50.9
27.2,52.4,14.1,6.3,43.7,7.7,7.5,29.1,0.67,300,,90,20,38.9
25.9,9.3,59.9,4.9,60.5,9.1,1.9,21.8,0.95,220,,30,15,71.5
25.9,9.3,59.9,4.9,60.5,9.1,1.9,21.8,0.95,220,,60,20,77.2
25.9,9.3,59.9,4.9,60.5,9.1,1.9,21.8,0.95,220,,90,25,83.8
25.9,9.3,59.9,4.9,60.5,9.1,1.9,21.8,0.95,260,,30,20,83.7
25.9,9.3,59.9,4.9,60.5,9.1,1.9,21.8,0.95,260,,60,25,63.7
25.9,9.3,59.9,4.9,60.5,9.1,1.9,21.8,0.95,260,,90,15,74.2
25.9,9.3,59.9,4.9,60.5,9.1,1.9,21.8,0.95,300,,30,25,64.3
25.9,9.3,59.9,4.9,60.5,9.1,1.9,21.8,0.95,300,,60,15,63.1
25.9,9.3,59.9,4.9,60.5,9.1,1.9,21.8,0.95,300,,90,20,67.4
23.3,71.5,0.2,5.7,51.2,6.8,11.3,30.7,0.7,200,,60,25,23.5
23.3,71.5,0.2,5.7,51.2,6.8,11.3,30.7,0.7,220,,60,25,24.8
23.3,71.5,0.2,5.7,51.2,6.8,11.3,30.7,0.7,240,,60,25,27.4
23.3,71.5,0.2,5.7,51.2,6.8,11.3,30.7,0.7,260,,60,25,32.6
23.3,71.5,0.2,5.7,51.2,6.8,11.3,30.7,0.7,320,,60,25,37
21.3,64.7,4.8,9.6,49.6,6.2,10.8,33.4,0.8,200,,60,25,21.4
21.3,64.7,4.8,9.6,49.6,6.2,10.8,33.4,0.8,220,,60,25,23.8
21.3,64.7,4.8,9.6,49.6,6.2,10.8,33.4,0.8,240,,60,25,26.6
21.3,64.7,4.8,9.6,49.6,6.2,10.8,33.4,0.8,260,,60,25,31.7
21.3,64.7,4.8,9.6,49.6,6.2,10.8,33.4,0.8,280,,60,25,39.3
21.3,64.7,4.8,9.6,49.6,6.2,10.8,33.4,0.8,300,,60,25,42.1
21.3,64.7,4.8,9.6,49.6,6.2,10.8,33.4,0.8,320,,60,25,37.2
36.12,22.17,36.58,5.13,53.62,8.1,2.59,35.08,0.61,200,,60,5,35.83
36.12,22.17,36.58,5.13,53.62,8.1,2.59,35.08,0.61,225,,60,5,35.89
36.12,22.17,36.58,5.13,53.62,8.1,2.59,35.08,0.61,250,,60,5,36.31
36.12,22.17,36.58,5.13,53.62,8.1,2.59,35.08,0.61,275,,60,5,36.77
36.12,22.17,36.58,5.13,53.62,8.1,2.59,35.08,0.61,300,,60,5,37.39
7.9,48.5,0.1,12.4,31,6,6.8,39.6,4.2,310,,60,5,14
7.9,48.5,0.1,12.4,31,6,6.8,39.6,4.2,330,,60,5,18.2
7.9,48.5,0.1,12.4,31,6,6.8,39.6,4.2,350,,5,5,16.9
7.9,48.5,0.1,12.4,31,6,6.8,39.6,4.2,350,,30,5,18.1
7.9,48.5,0.1,12.4,31,6,6.8,39.6,4.2,350,,60,5,14.9
7.9,48.5,0.1,12.4,31,6,6.8,39.6,4.2,350,,30,10,11.2
10.6,71.6,0.2,14.4,39.4,6.5,9.8,26.8,3.1,310,,60,5,15.1
10.6,71.6,0.2,14.4,39.4,6.5,9.8,26.8,3.1,350,,5,5,23
10.6,71.6,0.2,14.4,39.4,6.5,9.8,26.8,3.1,350,,60,5,20.3
14.5,48.5,5.5,10.4,44.5,7.7,9.5,25.4,3,350,,60,5,31.4
7.1,60.7,12.1,6,49.86,7.29,11.3,27.56,3.99,240,3.61,60,16.6,12.4
7.1,60.7,12.1,6,49.86,7.29,11.3,27.56,3.99,230,7.5,60,16.6,26.5
7.1,60.7,12.1,6,49.86,7.29,11.3,27.56,3.99,330,13.53,60,16.6,37.2
42,32.2,13.4,12.4,47.6,7.5,6.9,25.1,0.5,350,,15,9.090909091,60
36.9,30,13.1,20,38,5.6,5.5,30.4,0.5,350,,15,9.090909091,57.7
11,53,18,18,44,6.8,9,39.7,0.5,300,,5,16,36
11,53,18,18,44,6.8,9,39.7,0.5,350,,5,16,42
22,58,14,6,42,6.5,8,40.5,3,300,,5,16,34
22,58,14,6,42,6.5,8,40.5,3,350,,5,16,58
16.1,46.8,15.78,7.42,51.41,7.59,9.1,24.47,0.01,280,,30,15,33
16.1,46.8,15.78,7.42,51.41,7.59,9.1,24.47,0.01,300,,30,15,40
49.7,14.63,30.28,2.99,54.34,8.04,2.5,32.12,0.01,280,,30,15,35
49.7,14.63,30.28,2.99,54.34,8.04,2.5,32.12,0.01,300,,30,15,50
12.39,12.92,55.36,6.65,62.51,9.24,1.76,19.85,0.01,280,,30,15,51
12.39,12.92,55.36,6.65,62.51,9.24,1.76,19.85,0.01,300,,30,15,57
15.94,18.15,49.26,7.37,62.12,9.36,2.64,18.52,0.01,280,,30,15,57
15.94,18.15,49.26,7.37,62.12,9.36,2.64,18.52,0.01,300,,30,15,66
9.21,46.62,20.09,8.28,50.76,7.35,7.37,26.24,0.01,280,,30,15,45
9.21,46.62,20.09,8.28,50.76,7.35,7.37,26.24,0.01,300,,30,15,49
8.92,62.78,18.12,3.42,56.83,9.32,10.13,20.3,0.01,280,,30,15,33
8.92,62.78,18.12,3.42,56.83,9.32,10.13,20.3,0.01,300,,30,15,46
28,46.94,13.88,3.47,54.34,8.69,8.69,24.83,0.01,280,,30,15,36
28,46.94,13.88,3.47,54.34,8.69,8.69,24.83,0.01,300,,30,15,36
50.4,7.15,35.66,2.02,56.31,8.32,8.32,31.35,0,280,,30,15,52
50.4,7.15,35.66,2.02,56.31,8.32,8.32,31.35,0,300,,30,15,55
54.17,30.06,17.83,2.1,50.82,7.46,7.46,32.74,1.52,280,,30,15,31
25,60,4,6,53.5,7.4,11,27.6,0.5,250,,3,1,
25,60,4,6,53.5,7.4,11,27.6,0.5,275,,3,1,
25,60,4,6,53.5,7.4,11,27.6,0.5,300,15,3,1,
25,60,4,6,53.5,7.4,11,27.6,0.5,300,15,3,1,
25,60,4,6,53.5,7.4,11,27.6,0.5,300,15,3,5,
25,60,4,6,53.5,7.4,11,27.6,0.5,350,20,3,5,
25,60,4,6,53.5,7.4,11,27.6,0.5,300,15,3,10,
25,60,4,6,53.5,7.4,11,27.6,0.5,350,20,3,10,
11,68,8,7.6,53.7,7.7,12.1,25.9,0.6,250,15,3,1,
11,68,8,7.6,53.7,7.7,12.1,25.9,0.6,275,15,3,1,
11,68,8,7.6,53.7,7.7,12.1,25.9,0.6,300,15,3,1,
11,68,8,7.6,53.7,7.7,12.1,25.9,0.6,300,15,3,1,
33.2,40.5,21.9,4.4,49.93,7.91,6.33,28.71,0.64,210,,60,6.25,11.8
33.2,40.5,21.9,4.4,49.93,7.91,6.33,28.71,0.64,230,,60,6.25,17
33.2,40.5,21.9,4.4,49.93,7.91,6.33,28.71,0.64,250,,60,6.25,20.2
33.2,40.5,21.9,4.4,49.93,7.91,6.33,28.71,0.64,210,,60,6.23,17.6
33.2,40.5,21.9,4.4,49.93,7.91,6.33,28.71,0.64,230,,60,6.23,23.8
33.2,40.5,21.9,4.4,49.93,7.91,6.33,28.71,0.64,250,,60,6.23,30
33.2,40.5,21.9,4.4,49.93,7.91,6.33,28.71,0.64,210,,60,6.23,13.5
33.2,40.5,21.9,4.4,49.93,7.91,6.33,28.71,0.64,230,,60,6.23,20.8
33.2,40.5,21.9,4.4,49.93,7.91,6.33,28.71,0.64,250,,60,6.23,24.2
33.2,40.5,21.9,4.4,49.93,7.91,6.33,28.71,0.64,210,,60,6.23,16.8
33.2,40.5,21.9,4.4,49.93,7.91,6.33,28.71,0.64,230,,60,6.23,21.3
33.2,40.5,21.9,4.4,49.93,7.91,6.33,28.71,0.64,250,,60,6.23,24
42,32.2,13.4,12.4,47.6,7.5,6.9,25.1,0.5,300,,15,9.1,61
42,32.2,13.4,12.4,47.6,7.5,6.9,25.1,0.5,325,,15,9.1,60.3
42,32.2,13.4,12.4,47.6,7.5,6.9,25.1,0.5,350,,15,9.1,62.7
42,32.2,13.4,12.4,47.6,7.5,6.9,25.1,0.5,375,,15,9.1,60.3
36.9,30,13.1,20,38,5.6,5.5,30.4,0.5,300,,15,9.1,52.4
36.9,30,13.1,20,38,5.6,5.5,30.4,0.5,325,,15,9.1,62.3
36.9,30,13.1,20,38,5.6,5.5,30.4,0.5,350,,15,9.1,60
36.9,30,13.1,20,38,5.6,5.5,30.4,0.5,375,,15,9.1,60.2
35,24,15,15.99,37.06,5.66,4,34.55,2.74,275,,30,10,26.3
35,24,15,15.99,37.06,5.66,4,34.55,2.74,300,,30,10,27.4
35,24,15,15.99,37.06,5.66,4,34.55,2.74,325,,30,10,29.9
35,24,15,15.99,37.06,5.66,4,34.55,2.74,350,,30,10,31
15.7,43.81,35.52,4.5,48.7,7.1,6.8,36.5,0.9,320,,10,10,42.6
25,60,4,6,53.5,7.4,11,27.6,0.5,250,,10,10,14.6
25,60,4,6,53.5,7.4,11,27.6,0.5,300,,10,10,24.7
25,60,4,6,53.5,7.4,11,27.6,0.5,350,,10,10,30.5
25,60,4,6,53.5,7.4,11,27.6,0.5,300,,10,10,19.4
25,60,4,6,53.5,7.4,11,27.6,0.5,300,,10,10,28.4
25,60,4,6,53.5,7.4,11,27.6,0.5,300,,10,10,24.5
25,60,4,6,53.5,7.4,11,27.6,0.5,300,,10,10,24.3
25,60,4,6,53.5,7.4,11,27.6,0.5,250,,10,10,13.6
25,60,4,6,53.5,7.4,11,27.6,0.5,300,,10,10,22.6
25,60,4,6,53.5,7.4,11,27.6,0.5,350,,10,10,32
25,60,4,6,53.5,7.4,11,27.6,0.5,300,,10,10,27.3
9,55,25,7,52.6,7.1,8.2,32.2,0.5,350,,60,10,35.75
8,57,32,26.4,57.8,8,8.6,25.7,0,350,,60,10,34.66
40,43,8,24.4,51.3,7.6,8,33.1,0,350,,60,10,21.55
20,65,5,7.6,55.7,6.8,11.2,26.4,0.8,350,,60,10,29.51
48.1,46.3,5.6,40.8,33.4,4.7,4.4,16.5,0.2,250,,7,5.65,21.43
48.1,46.3,5.6,40.8,33.4,4.7,4.4,16.5,0.2,250,,17,5.65,19.71
48.1,46.3,5.6,40.8,33.4,4.7,4.4,16.5,0.2,250,,30,5.65,17.8
48.1,46.3,5.6,40.8,33.4,4.7,4.4,16.5,0.2,300,,7,5.65,29.67
48.1,46.3,5.6,40.8,33.4,4.7,4.4,16.5,0.2,300,,17,5.65,31.26
48.1,46.3,5.6,40.8,33.4,4.7,4.4,16.5,0.2,300,,30,5.65,30.62
48.1,46.3,5.6,40.8,33.4,4.7,4.4,16.5,0.2,350,,7,5.65,34.61
48.1,46.3,5.6,40.8,33.4,4.7,4.4,16.5,0.2,350,,17,5.65,33.84
48.1,46.3,5.6,40.8,33.4,4.7,4.4,16.5,0.2,350,,30,5.65,35.24
19.4,74.7,0,5.9,46.3,6.4,11.2,30.4,0,300,,30,20,31
13.2,58.1,23,5.7,53.7,7.5,9.6,23.5,0,300,,30,20,50
12.3,51.4,30.7,5.6,54.6,7.8,8.7,23.5,0,300,,30,20,52
22,28,46.8,3.2,59.2,8.8,4.6,24.3,0,300,,30,20,60
16.7,32.1,48.8,2.4,60.1,8.8,5.4,23.4,0,300,,30,20,60
19,26.5,51,3.5,60.3,9.2,4.3,22.8,0,300,,30,20,59
18.4,23.4,56.1,2.1,62.9,9.3,3.9,21.8,0,300,,30,20,61
22.2,17.1,58.7,2,62.3,9.3,2.8,23.5,0,300,,30,20,62
4,51.2,7.6,5.6,48.7,7.5,11.6,29.8,2.4,280,,30,20,36.64
4,51.2,7.6,5.6,48.7,7.5,11.6,29.8,2.4,350,,30,20,37.93
4.3,47.9,5.8,6.4,42.1,6.5,8.3,41.6,1.5,280,,30,20,36.47
4.3,47.9,5.8,6.4,42.1,6.5,8.3,41.6,1.5,350,,30,20,32.77
4.2,66,3,4.9,45.5,7,9.3,34.9,3.3,280,,30,20,31.88
4.2,66,3,4.9,45.5,7,9.3,34.9,3.3,350,,30,20,32.94
9.1,52.7,4.5,4.4,50.1,7.6,9,31.1,2.2,280,,30,20,30.64
9.1,52.7,4.5,4.4,50.1,7.6,9,31.1,2.2,350,,30,20,29.64
3.5,55.3,2.4,5.7,41.3,6.4,9.4,42,0.9,280,,30,20,28.4
3.5,55.3,2.4,5.7,41.3,6.4,9.4,42,0.9,350,,30,20,29.69
14.5,45.3,5.5,10.4,44.5,7.3,9.5,25.4,3,310,,60,5,23.1
14.5,45.3,5.5,10.4,44.5,7.3,9.5,25.4,3,350,,5,5,29
14.5,45.3,5.5,10.4,44.5,7.3,9.5,25.4,3,330,,60,5,25.7
14.5,45.3,5.5,10.4,44.5,7.3,9.5,25.4,3,350,,30,5,31
14.5,45.3,5.5,10.4,44.5,7.3,9.5,25.4,3,350,,60,5,30.8
14.5,45.3,5.5,10.4,44.5,7.3,9.5,25.4,3,350,,60,10,31.4
22.9,13.5,19.7,7.3,55.9,7.9,2.9,23.3,2.8,310,,5,5,59
22.9,13.5,19.7,7.3,55.9,7.9,2.9,23.3,2.8,310,,30,5,56.2
22.9,13.5,19.7,7.3,55.9,7.9,2.9,23.3,2.8,310,,60,5,58.1
22.9,13.5,19.7,7.3,55.9,7.9,2.9,23.3,2.8,310,,60,10,55.2
22.9,13.5,19.7,7.3,55.9,7.9,2.9,23.3,2.8,330,,60,5,56.5
22.9,13.5,19.7,7.3,55.9,7.9,2.9,23.3,2.8,350,,60,5,43.9
30.21,48.36,13.3,6.56,46.16,7.14,10.56,35.44,0.74,350,20.6,60,20,40.5
31.2,49.23,11.1,6.6,46.87,7,10.75,35.38,0,350,,60,20,39.9
31.2,49.23,11.1,6.6,46.87,7,10.75,35.38,0,300,,30,20,31.3
31.2,49.23,11.1,6.6,46.87,7,10.75,35.38,0,300,,60,20,32.7
31.2,49.23,11.1,6.6,46.87,7,10.75,35.38,0,350,20.6,30,20,34.5
14.2,52,17,8.2,58.23,7.1,8.52,25.8,0.35,300,5,60,20,30
34.4,32.2,13.4,12.4,47.6,7.5,6.9,25.1,0.5,350,20,15,9.1,42.6
34.4,32.2,13.4,12.4,47.6,7.5,6.9,25.1,0.5,350,20,15,18.2,51
36.9,30,13.1,20,38,5.6,5.5,30.4,0.5,350,20,15,9.1,50.8
36.9,30,13.1,20,38,5.6,5.5,30.4,0.5,350,20,15,18.2,54.8
27.4,39.7,28.86,6.47,47.91,7.83,6.8,30.55,0.17,275,6,30,10,8.62974
27.4,39.7,28.86,6.47,47.91,7.83,6.8,30.55,0.17,300,8.5,30,10,12.5948
27.4,39.7,28.86,6.47,47.91,7.83,6.8,30.55,0.17,325,12,30,10,33
27.4,39.7,28.86,6.47,47.91,7.83,6.8,30.55,0.17,350,16.5,30,10,21.691
30.9,27,39.8,2.3,57.8,9.8,2.2,29.6,0.6,250,25,15,10,37.3961
30.9,27,39.8,2.3,57.8,9.8,2.2,29.6,0.6,350,25,15,10,49.0305
30.9,27,39.8,2.3,57.8,9.8,2.2,29.6,0.6,350,25,5,10,63.759
30.9,27,39.8,2.3,57.8,9.8,2.2,29.6,0.6,350,25,10,10,64.0023
30.9,27,39.8,2.3,57.8,9.8,2.2,29.6,0.6,350,25,15,10,57.2817
25.4,42,28.8,5.1,46.1,8.4,7.9,36.5,0.9,350,25,15,10,42.2535
13.7,41.5,24,4.9,48,7.6,6.9,37,0.5,350,25,15,10,42.0952
25,56,13,6,52.1,7.4,8.8,31.1,0.48,300,11,30,20,45
25,56,13,6,52.1,7.4,8.8,31.1,0.48,300,11,30,20,45
20,64,5,11,45.2,6.4,9.8,37.8,0.8,300,11,30,20,31
28,41,12,7.83,52,7.3,6.9,33.9,0,350,,10,10,53
42,41.5,16.5,34.3,41.6,8.1,6.2,44.1,0,280,20,120,8,26.626
42,41.5,16.5,34.3,41.6,8.1,6.2,44.1,0,300,20,120,8,24.7967
42,41.5,16.5,34.3,41.6,8.1,6.2,44.1,0,320,20,120,8,25.6098
42,41.5,16.5,34.3,41.6,8.1,6.2,44.1,0,340,20,120,8,20.3252
42,41.5,16.5,34.3,41.6,8.1,6.2,44.1,0,360,20,120,8,19.5122
42,41.5,16.5,34.3,41.6,8.1,6.2,44.1,0,320,12,120,8,21.9496
42,41.5,16.5,34.3,41.6,8.1,6.2,44.1,0,320,16,120,8,24.2588
20,59,14,3,52.6,7.35,8.58,30.9,0.57,350,16.5,20,11.4,44.7481
20,59,14,3,52.6,7.35,8.58,30.9,0.57,350,16.5,20,15.5,41.9
20,59,14,3,52.6,7.35,8.58,30.9,0.57,350,16.5,20,13.1,47.6
20,59,14,3,52.6,7.35,8.58,30.9,0.57,350,16.5,20,11.4,44.7
20,59,14,3,52.6,7.35,8.58,30.9,0.57,350,16.5,20,10,43.5
28,41,12,7.83,51.96,7.31,6.86,33.87,0,175,,5,7.5,8.6
28,41,12,7.83,51.96,7.31,6.86,33.87,0,200,,5,7.5,10
28,41,12,7.83,51.96,7.31,6.86,33.87,0,225,,5,7.5,12.1
28,41,12,7.83,51.96,7.31,6.86,33.87,0,250,,5,7.5,26.7
28,41,12,7.83,51.96,7.31,6.86,33.87,0,275,,5,7.5,35.1
28,41,12,7.83,51.96,7.31,6.86,33.87,0,300,,5,7.5,40.5
28,41,12,7.83,51.96,7.31,6.86,33.87,0,325,,5,7.5,40.7
28,41,12,7.83,51.96,7.31,6.86,33.87,0,350,,5,7.5,45.3
28,41,12,7.83,51.96,7.31,6.86,33.87,0,375,,5,7.5,49.4
28,41,12,7.83,51.96,7.31,6.86,33.87,0,400,,5,7.5,39.7
28,41,12,7.83,51.96,7.31,6.86,33.87,0,425,,5,7.5,40.3
28,41,12,7.83,51.96,7.31,6.86,33.87,0,450,,5,7.5,31.2
28,41,12,7.83,51.96,7.31,6.86,33.87,0,175,,60,7.5,13.5
28,41,12,7.83,51.96,7.31,6.86,33.87,0,200,,60,7.5,23
28,41,12,7.83,51.96,7.31,6.86,33.87,0,225,,60,7.5,30
28,41,12,7.83,51.96,7.31,6.86,33.87,0,250,,60,7.5,37
28,41,12,7.83,51.96,7.31,6.86,33.87,0,275,,60,7.5,40.3
28,41,12,7.83,51.96,7.31,6.86,33.87,0,300,,60,7.5,46.6
28,41,12,7.83,51.96,7.31,6.86,33.87,0,325,,60,7.5,41.2
28,41,12,7.83,51.96,7.31,6.86,33.87,0,350,,60,7.5,46.5
28,41,12,7.83,51.96,7.31,6.86,33.87,0,375,,60,7.5,47.2
28,41,12,7.83,51.96,7.31,6.86,33.87,0,400,,60,7.5,37.3
28,41,12,7.83,51.96,7.31,6.86,33.87,0,425,,60,7.5,31.9
28,41,12,7.83,51.96,7.31,6.86,33.87,0,450,,60,7.5,22.1
28,41,12,7.83,51.96,7.31,6.86,33.87,0,200,,5,7.5,10
28,41,12,7.83,51.96,7.31,6.86,33.87,0,200,,15,7.5,12.9
28,41,12,7.83,51.96,7.31,6.86,33.87,0,200,,30,7.5,13.9
28,41,12,7.83,51.96,7.31,6.86,33.87,0,200,,60,7.5,23
28,41,12,7.83,51.96,7.31,6.86,33.87,0,300,,5,7.5,40.5
28,41,12,7.83,51.96,7.31,6.86,33.87,0,300,,15,7.5,41.9
28,41,12,7.83,51.96,7.31,6.86,33.87,0,300,,30,7.5,43.8
28,41,12,7.83,51.96,7.31,6.86,33.87,0,300,,60,7.5,46.6
28,41,12,7.83,51.96,7.31,6.86,33.87,0,200,,5,7.87,10
28,41,12,7.83,51.96,7.31,6.86,33.87,0,200,,60,7.87,23
28,41,12,7.83,51.96,7.31,6.86,33.87,0,300,,5,7.87,40
28,41,12,7.83,51.96,7.31,6.86,33.87,0,300,,60,7.87,47
28,41,12,7.83,51.96,7.31,6.86,33.87,0,300,,60,17.43,43
28,41,12,7.83,51.96,7.31,6.86,33.87,0,250,,5,7.87,27
28,41,12,7.83,51.96,7.31,6.86,33.87,0,375,,5,7.87,49
10.8,48.5,5.89,8.2,45.61,6.66,10.21,36.74,0.79,220,,60,10,19.1
10.8,48.5,5.89,8.2,45.61,6.66,10.21,36.74,0.79,240,,60,10,23.2
10.8,48.5,5.89,8.2,45.61,6.66,10.21,36.74,0.79,260,,60,10,33.4
10.8,48.5,5.89,8.2,45.61,6.66,10.21,36.74,0.79,280,,60,10,31.6
10.8,48.5,5.89,8.2,45.61,6.66,10.21,36.74,0.79,300,,60,10,21.4
12.4,36.4,19.05,8.9,49.27,7.27,6.29,36.34,0.83,220,,60,10,31.2
12.4,36.4,19.05,8.9,49.27,7.27,6.29,36.34,0.83,240,,60,10,31.7
12.4,36.4,19.05,8.9,49.27,7.27,6.29,36.34,0.83,260,,60,10,32.7
12.4,36.4,19.05,8.9,49.27,7.27,6.29,36.34,0.83,280,,60,10,40.9
12.4,36.4,19.05,8.9,49.27,7.27,6.29,36.34,0.83,300,,60,10,38.3
26,60,3,3.6,40.32,5.99,9.14,27.74,0.76,250,,10,9.090909091,4.86
26,60,3,3.6,40.32,5.99,9.14,27.74,0.76,300,,10,9.090909091,15.93
26,60,3,3.6,40.32,5.99,9.14,27.74,0.76,350,,10,9.090909091,27.45
26,60,3,3.6,40.32,5.99,9.14,27.74,0.76,400,,10,9.090909091,25.88
26,60,3,3.6,40.32,5.99,9.14,27.74,0.76,350,,10,9.090909091,14.01
26,60,3,3.6,40.32,5.99,9.14,27.74,0.76,350,,20,9.090909091,17.15
26,60,3,3.6,40.32,5.99,9.14,27.74,0.76,350,,30,9.090909091,23.43
26,60,3,3.6,40.32,5.99,9.14,27.74,0.76,350,,40,9.090909091,18.92
26,60,3,3.6,40.32,5.99,9.14,27.74,0.76,350,,50,9.090909091,13.31
26.47,28.11,12.62,6.22,51.54,5.96,5.88,35.5,1.1,300,25,30,10,43.3
26.47,28.11,12.62,6.22,51.54,5.96,5.88,35.5,1.1,300,22.5,30,10,43.45
26.47,28.11,12.62,6.22,51.54,5.96,5.88,35.5,1.1,300,20,30,10,43.6
26.47,28.11,12.62,6.22,51.54,5.96,5.88,35.5,1.1,300,17.5,30,10,43.71
26.47,28.11,12.62,6.22,51.54,5.96,5.88,35.5,1.1,300,12.5,30,10,44.5
26.47,28.11,12.62,6.22,51.54,5.96,5.88,35.5,1.1,300,10,30,10,44.91
26.47,28.11,12.62,6.22,51.54,5.96,5.88,35.5,1.1,200,9,30,10,22.96
26.47,28.11,12.62,6.22,51.54,5.96,5.88,35.5,1.1,250,9,30,10,27
26.47,28.11,12.62,6.22,51.54,5.96,5.88,35.5,1.1,300,9,30,20,41
26.47,28.11,12.62,6.22,51.54,5.96,5.88,35.5,1.1,300,9,60,10,38.5
26.47,28.11,12.62,6.22,51.54,5.96,5.88,35.5,1.1,300,9,45,10,38.9
26.47,28.11,12.62,6.22,51.54,5.96,5.88,35.5,1.1,300,9,15,10,41.63
26.47,28.11,12.62,6.22,51.54,5.96,5.88,35.5,1.1,300,9,30,10,45.51
26.47,28.11,12.62,6.22,51.54,5.96,5.88,35.5,1.1,325,9,30,10,38.8
26.47,28.11,12.62,6.22,51.54,5.96,5.88,35.5,1.1,350,9,30,10,35.58
26.47,28.11,12.62,6.22,51.54,5.96,5.88,35.5,1.1,375,9,30,10,34.24
1.73,45.63,6.2,8.28,48.41,9.01,7.38,33.91,1.29,260,,30,15,39.05
1.73,45.63,6.2,8.28,48.41,9.01,7.38,33.91,1.29,280,,30,15,43.55
1.73,45.63,6.2,8.28,48.41,9.01,7.38,33.91,1.29,300,,30,15,45.35
1.73,45.63,6.2,8.28,48.41,9.01,7.38,33.91,1.29,320,,30,15,54.11
1.73,45.63,6.2,8.28,48.41,9.01,7.38,33.91,1.29,340,,30,15,41.73
19.08,55.06,20.7,5.16,53.52,7.45,8.81,22.61,0.67,350,16.5,60,23,46.62
15.28,67.44,6.2,11.08,47.49,6.63,10.79,22.48,0.56,350,16.5,60,23,35.2
33.75,15.13,41.6,9.52,61.31,8.65,2.42,16.96,0.74,350,16.5,60,23,52.68
27.65,41.19,21.3,9.86,51.01,7.36,6.59,21.7,0.67,350,16.5,60,23,44.43
15.7,43.8,35.5,4.5,48.7,7.1,6.8,36.5,0.9,320,,10,10,42.35
15.7,43.8,35.5,4.5,48.7,7.1,6.8,36.5,0.9,260,,95,30,29.58
15.7,43.8,35.5,4.5,48.7,7.1,6.8,36.5,0.9,260,,95,30,29.35
15.7,43.8,35.5,4.5,48.7,7.1,6.8,36.5,0.9,260,,95,30,30.73
15.7,43.8,35.5,4.5,48.7,7.1,6.8,36.5,0.9,320,,95,30,38.68
15.7,43.8,35.5,4.5,48.7,7.1,6.8,36.5,0.9,260,,10,30,31.64
15.7,43.8,35.5,4.5,48.7,7.1,6.8,36.5,0.9,260,,95,10,30.2
15.7,43.8,35.5,4.5,48.7,7.1,6.8,36.5,0.9,200,,5,26.7,
15.7,43.8,35.5,4.5,48.7,7.1,6.8,36.5,0.9,200,,120,26.7,
11,53,18,18,46,8,10,35,0.8,310,,15,20,30
11,53,18,18,46,8,10,35,0.8,330,,15,20,32
11,53,18,18,46,8,10,35,0.8,350,,15,20,38
11,53,18,18,46,8,10,35,0.8,370,,15,20,33
10.3,43.2,16.5,25.7,40.8,5.7,6.9,21.4,0.2,300,,30,20,29.7
13,54.5,32.3,5.8,54.6,7.9,8.7,23.3,0.3,300,,30,20,53.6
22.5,28.8,48.1,3.2,59.2,8.8,4.6,24.3,0.1,300,,30,20,63.9
17.4,33.5,50.9,2.5,60.1,8.8,5.4,23.4,0.2,300,,30,20,63.5
19.3,26.9,51.9,3.6,60.3,9.2,4.3,22.8,0.2,300,,30,20,61.1
19.4,24.6,59.1,2.2,62.9,9.3,3.9,21.8,0.1,300,,30,20,66.6
22.8,17.6,60.3,2.2,62.3,9.3,2.8,23.5,0.1,300,,30,20,68.3
7.1,60.7,12.1,6,49.86,7.29,11.3,27.56,3.99,240,,60,16.7,12.4
7.1,60.7,12.1,6,49.86,7.29,11.3,27.56,3.99,280,,60,16.7,26.5
7.1,60.7,12.1,6,49.86,7.29,11.3,27.56,3.99,330,,60,16.7,37.2
23,71,0.1,5.6,51,6.6,11,31.4,0,260,,30,15,34.9
23,71,0.1,5.6,51,6.6,11,31.4,0,260,,30,35,25.7
23,71,0.1,5.6,51,6.6,11,31.4,0,260,,90,15,27.8
23,71,0.1,5.6,51,6.6,11,31.4,0,260,,90,35,25.7
23,71,0.1,5.6,51,6.6,11,31.4,0,300,,30,15,35.6
23,71,0.1,5.6,51,6.6,11,31.4,0,300,,30,35,36.7
23,71,0.1,5.6,51,6.6,11,31.4,0,300,,90,15,29.5
23,71,0.1,5.6,51,6.6,11,31.4,0,300,,90,35,38.4
23,71,0.1,5.6,51,6.6,11,31.4,0,260,,60,25,31.8
23,71,0.1,5.6,51,6.6,11,31.4,0,300,,60,25,39.6
23,71,0.1,5.6,51,6.6,11,31.4,0,280,,60,15,41.7
23,71,0.1,5.6,51,6.6,11,31.4,0,280,,60,35,43.3
23,71,0.1,5.6,51,6.6,11,31.4,0,280,,30,25,34.5
23,71,0.1,5.6,51,6.6,11,31.4,0,280,,90,25,33.3
23,71,0.1,5.6,51,6.6,11,31.4,0,280,,60,25,41.7
23,71,0.1,5.6,51,6.6,11,31.4,0,280,,60,25,42.3
23,71,0.1,5.6,51,6.6,11,31.4,0,280,,60,25,41.2
23,71,0.1,5.6,51,6.6,11,31.4,0,280,,60,25,40.9
23,71,0.1,5.6,51,6.6,11,31.4,0,280,,60,25,42.8
23,71,0.1,5.6,51,6.6,11,31.4,0,280,,60,25,42.7
20.01,53.69,7.83,8.11,49.05,6.41,8.59,27.02,0.82,220,,60,10,11
20.01,53.69,7.83,8.11,49.05,6.41,8.59,27.02,0.82,250,,60,10,21.4
20.01,53.69,7.83,8.11,49.05,6.41,8.59,27.02,0.82,280,,60,10,26.5
20.01,53.69,7.83,8.11,49.05,6.41,8.59,27.02,0.82,320,,60,10,32.5
20.01,53.69,7.83,8.11,49.05,6.41,8.59,27.02,0.82,350,,60,10,38.6
20.01,53.69,7.83,8.11,49.05,6.41,8.59,27.02,0.82,370,,60,10,34.6
20.01,53.69,7.83,8.11,49.05,6.41,8.59,27.02,0.82,400,,60,10,33.5
20.01,53.69,7.83,8.11,49.05,6.41,8.59,27.02,0.82,320,,10,10,25.3
20.01,53.69,7.83,8.11,49.05,6.41,8.59,27.02,0.82,320,,20,10,28.4
20.01,53.69,7.83,8.11,49.05,6.41,8.59,27.02,0.82,320,,30,10,32.1
20.01,53.69,7.83,8.11,49.05,6.41,8.59,27.02,0.82,320,,40,10,34.5
20.01,53.69,7.83,8.11,49.05,6.41,8.59,27.02,0.82,320,,50,10,36.4
20.01,53.69,7.83,8.11,49.05,6.41,8.59,27.02,0.82,320,,70,10,29.7
20.01,53.69,7.83,8.11,49.05,6.41,8.59,27.02,0.82,370,,10,10,28.5
20.01,53.69,7.83,8.11,49.05,6.41,8.59,27.02,0.82,370,,20,10,31.7
20.01,53.69,7.83,8.11,49.05,6.41,8.59,27.02,0.82,370,,30,10,33.2
20.01,53.69,7.83,8.11,49.05,6.41,8.59,27.02,0.82,370,,40,10,36.6
20.01,53.69,7.83,8.11,49.05,6.41,8.59,27.02,0.82,370,,50,10,39.6
20.01,53.69,7.83,8.11,49.05,6.41,8.59,27.02,0.82,370,,60,5,32.1
20.01,53.69,7.83,8.11,49.05,6.41,8.59,27.02,0.82,370,,60,15,38.2
20.01,53.69,7.83,8.11,49.05,6.41,8.59,27.02,0.82,370,,60,20,36.2
20.01,53.69,7.83,8.11,49.05,6.41,8.59,27.02,0.82,370,,60,25,37.1
20.01,53.69,7.83,8.11,49.05,6.41,8.59,27.02,0.82,370,,60,30,32.5
31.2,49.23,11.1,6.6,46.87,7,10.75,35.38,0,200,,60,20,18
31.2,49.23,11.1,6.6,46.87,7,10.75,35.38,0,250,,60,20,24.75
31.2,49.23,11.1,6.6,46.87,7,10.75,35.38,0,300,,60,20,29.4
31.2,49.23,11.1,6.6,46.87,7,10.75,35.38,0,350,,60,20,40
31.2,49.23,11.1,6.6,46.87,7,10.75,35.38,0,380,,60,20,36.3
31.2,49.23,11.1,6.6,46.87,7,10.75,35.38,0,350,,30,20,34.9
31.2,49.23,11.1,6.6,46.87,7,10.75,35.38,0,350,,60,20,39.8
31.2,49.23,11.1,6.6,46.87,7,10.75,35.38,0,350,,90,20,34.7
31.2,49.23,11.1,6.6,46.87,7,10.75,35.38,0,350,,120,20,33.7
31.2,49.23,11.1,6.6,46.87,7,10.75,35.38,0,350,,60,10,32.8
31.2,49.23,11.1,6.6,46.87,7,10.75,35.38,0,350,,60,20,40
31.2,49.23,11.1,6.6,46.87,7,10.75,35.38,0,350,,60,30,38.5
31.2,49.23,11.1,6.6,46.87,7,10.75,35.38,0,350,,60,40,41
20,56.4,6,12.54,41.36,6.6,8.46,43.58,0,275,,10,20,30.8
20,56.4,6,12.54,41.36,6.6,8.46,43.58,0,275,,20,20,32.9
20,56.4,6,12.54,41.36,6.6,8.46,43.58,0,275,,30,20,36.2
20,56.4,6,12.54,41.36,6.6,8.46,43.58,0,275,,40,20,35.6
20,56.4,6,12.54,41.36,6.6,8.46,43.58,0,275,,50,20,35.3
20,56.4,6,12.54,41.36,6.6,8.46,43.58,0,275,,60,20,32
20,56.4,6,12.54,41.36,6.6,8.46,43.58,0,300,,10,20,34.4
20,56.4,6,12.54,41.36,6.6,8.46,43.58,0,300,,20,20,37.5
20,56.4,6,12.54,41.36,6.6,8.46,43.58,0,300,,30,20,40.1
20,56.4,6,12.54,41.36,6.6,8.46,43.58,0,300,,40,20,39.1
20,56.4,6,12.54,41.36,6.6,8.46,43.58,0,300,,50,20,38.5
20,56.4,6,12.54,41.36,6.6,8.46,43.58,0,300,,60,20,35.3
20,56.4,6,12.54,41.36,6.6,8.46,43.58,0,325,,10,20,34.5
20,56.4,6,12.54,41.36,6.6,8.46,43.58,0,325,,20,20,37.7
20,56.4,6,12.54,41.36,6.6,8.46,43.58,0,325,,30,20,42.2
20,56.4,6,12.54,41.36,6.6,8.46,43.58,0,325,,40,20,41.1
20,56.4,6,12.54,41.36,6.6,8.46,43.58,0,325,,50,20,38.9
20,56.4,6,12.54,41.36,6.6,8.46,43.58,0,325,,60,20,36.9
20,56.4,6,12.54,41.36,6.6,8.46,43.58,0,350,,10,20,32.7
20,56.4,6,12.54,41.36,6.6,8.46,43.58,0,350,,20,20,34.8
20,56.4,6,12.54,41.36,6.6,8.46,43.58,0,350,,30,20,36.9
20,56.4,6,12.54,41.36,6.6,8.46,43.58,0,350,,40,20,36.7
20,56.4,6,12.54,41.36,6.6,8.46,43.58,0,350,,50,20,34.1
20,56.4,6,12.54,41.36,6.6,8.46,43.58,0,350,,60,20,33.5
20,56.4,6,12.54,41.36,6.6,8.46,43.58,0,375,,10,20,30.1
20,56.4,6,12.54,41.36,6.6,8.46,43.58,0,375,,20,20,32.8
20,56.4,6,12.54,41.36,6.6,8.46,43.58,0,375,,30,20,35.8
20,56.4,6,12.54,41.36,6.6,8.46,43.58,0,375,,40,20,32.9
20,56.4,6,12.54,41.36,6.6,8.46,43.58,0,375,,50,20,29.4
20,56.4,6,12.54,41.36,6.6,8.46,43.58,0,375,,60,20,29.2
9.1,52.7,4.5,14.62,50.14,7.62,8.95,31.05,2.24,280,,30,25,27.93
9.1,52.7,4.5,14.62,50.14,7.62,8.95,31.05,2.24,320,,30,25,27.33
9.1,52.7,4.5,14.62,50.14,7.62,8.95,31.05,2.24,350,,30,25,26.92
9.1,52.7,4.5,14.62,50.14,7.62,8.95,31.05,2.24,350,,15,25,25.51
9.1,52.7,4.5,14.62,50.14,7.62,8.95,31.05,2.24,350,,45,25,28.74
9.1,52.7,4.5,14.62,50.14,7.62,8.95,31.05,2.24,350,,60,25,29.24
9.1,52.7,4.5,14.62,50.14,7.62,8.95,31.05,2.24,350,,30,10,28.34
9.1,52.7,4.5,14.62,50.14,7.62,8.95,31.05,2.24,350,,30,20,27.55
9.1,52.7,4.5,14.62,50.14,7.62,8.95,31.05,2.24,350,,30,30,25.09
9.1,52.7,4.5,14.62,50.14,7.62,8.95,31.05,2.24,420,,5,11,21.21
9.1,52.7,4.5,14.62,50.14,7.62,8.95,31.05,2.24,340,,5,2,14.44
9.1,52.7,4.5,14.62,50.14,7.62,8.95,31.05,2.24,260,,40,2,19.69
9.1,52.7,4.5,14.62,50.14,7.62,8.95,31.05,2.24,420,,40,20,15.07
9.1,52.7,4.5,14.62,50.14,7.62,8.95,31.05,2.24,340,,5,20,14.46
9.1,52.7,4.5,14.62,50.14,7.62,8.95,31.05,2.24,340,,40,11,28.39
9.1,52.7,4.5,14.62,50.14,7.62,8.95,31.05,2.24,260,,40,20,29.72
9.1,52.7,4.5,14.62,50.14,7.62,8.95,31.05,2.24,340,,75,20,11.43
9.1,52.7,4.5,14.62,50.14,7.62,8.95,31.05,2.24,420,,75,11,9.28
9.1,52.7,4.5,14.62,50.14,7.62,8.95,31.05,2.24,340,,40,11,23.25
9.1,52.7,4.5,14.62,50.14,7.62,8.95,31.05,2.24,340,,40,11,24.16
9.1,52.7,4.5,14.62,50.14,7.62,8.95,31.05,2.24,340,,75,2,9.43
9.1,52.7,4.5,14.62,50.14,7.62,8.95,31.05,2.24,260,,5,11,18.74
9.1,52.7,4.5,14.62,50.14,7.62,8.95,31.05,2.24,340,,40,11,22.66
9.1,52.7,4.5,14.62,50.14,7.62,8.95,31.05,2.24,420,,40,2,26.73
9.1,52.7,4.5,14.62,50.14,7.62,8.95,31.05,2.24,260,,75,11,28.51
9.1,52.7,4.5,14.62,50.14,7.62,8.95,31.05,2.24,340,,40,11,25.6
15.7,43.8,35.5,1.5,48.7,7.1,6.8,36.5,0.9,200,,10,10,19.03
15.7,43.8,35.5,1.5,48.7,7.1,6.8,36.5,0.9,320,,10,10,42.35
15.7,43.8,35.5,1.5,48.7,7.1,6.8,36.5,0.9,320,,95,30,29.58
15.7,43.8,35.5,1.5,48.7,7.1,6.8,36.5,0.9,260,,95,30,29.35
15.7,43.8,35.5,1.5,48.7,7.1,6.8,36.5,0.9,260,,95,30,30.73
15.7,43.8,35.5,1.5,48.7,7.1,6.8,36.5,0.9,260,,95,30,14.32
15.7,43.8,35.5,1.5,48.7,7.1,6.8,36.5,0.9,200,,95,30,36.68
15.7,43.8,35.5,1.5,48.7,7.1,6.8,36.5,0.9,260,,10,30,31.64
15.7,43.8,35.5,1.5,48.7,7.1,6.8,36.5,0.9,260,,95,50,31.13
15.7,43.8,35.5,1.5,48.7,7.1,6.8,36.5,0.9,260,,95,10,30.2
44,50,7,7.6,54.4,6.9,7.3,31.4,0,300,,60,10,38.6
20,65,5,7.6,55.7,6.8,11.2,26.4,0.8,300,,60,10,35.5
9,55,25,7,52.6,7.1,8.2,32.2,0.5,300,,60,10,46.6
45.6,16.8,24.7,12.9,50.42,7.89,2.91,37.44,0.23,220,,60,10,15.9
45.6,16.8,24.7,12.9,50.42,7.89,2.91,37.44,0.23,240,,60,10,23
45.6,16.8,24.7,12.9,50.42,7.89,2.91,37.44,0.23,260,,60,10,24.4
45.6,16.8,24.7,12.9,50.42,7.89,2.91,37.44,0.23,300,,60,10,31
45.6,16.8,24.7,12.9,50.42,7.89,2.91,37.44,0.23,240,,5,10,21.2
45.6,16.8,24.7,12.9,50.42,7.89,2.91,37.44,0.23,240,,10,10,22.5
45.6,16.8,24.7,12.9,50.42,7.89,2.91,37.44,0.23,240,,20,10,25.6
45.6,16.8,24.7,12.9,50.42,7.89,2.91,37.44,0.23,240,,30,10,25.2
45.6,16.8,24.7,12.9,50.42,7.89,2.91,37.44,0.23,240,,20,25,25.6
45.6,16.8,24.7,12.9,50.42,7.89,2.91,37.44,0.23,240,,20,14.28571429,26.4
45.6,16.8,24.7,12.9,50.42,7.89,2.91,37.44,0.23,240,,20,7.692307692,28.7
43.7,41.8,11.6,2.8,51.9,7.3,8.8,24,0.7,150,,10,3.2,6.5
43.7,41.8,11.6,2.8,51.9,7.3,8.8,24,0.7,150,,100,3.2,6.5
43.7,41.8,11.6,2.8,51.9,7.3,8.8,24,0.7,200,,3.2,3.4,10.7
43.7,41.8,11.6,2.8,51.9,7.3,8.8,24,0.7,200,,31.6,3.4,18.6
43.7,41.8,11.6,2.8,51.9,7.3,8.8,24,0.7,250,,10,3.6,25.6
43.7,41.8,11.6,2.8,51.9,7.3,8.8,24,0.7,250,,100,3.6,35.1
43.7,41.8,11.6,2.8,51.9,7.3,8.8,24,0.7,300,,3.2,4,29.5
43.7,41.8,11.6,2.8,51.9,7.3,8.8,24,0.7,300,,31.6,4,31.7
43.7,41.8,11.6,2.8,51.9,7.3,8.8,24,0.7,350,,10,5,30.8
43.7,41.8,11.6,2.8,51.9,7.3,8.8,24,0.7,350,,100,5,30.8
43.7,41.8,11.6,2.8,51.9,7.3,8.8,24,0.7,150,,10,11.6,8.6
43.7,41.8,11.6,2.8,51.9,7.3,8.8,24,0.7,150,,100,11.6,9.8
43.7,41.8,11.6,2.8,51.9,7.3,8.8,24,0.7,200,,3.2,12.2,9.5
43.7,41.8,11.6,2.8,51.9,7.3,8.8,24,0.7,200,,31.6,12.2,16.6
43.7,41.8,11.6,2.8,51.9,7.3,8.8,24,0.7,250,,10,13.1,27.9
43.7,41.8,11.6,2.8,51.9,7.3,8.8,24,0.7,250,,100,13.1,36.4
43.7,41.8,11.6,2.8,51.9,7.3,8.8,24,0.7,300,,3.2,14.4,33.9
43.7,41.8,11.6,2.8,51.9,7.3,8.8,24,0.7,300,,31.6,14.4,34
43.7,41.8,11.6,2.8,51.9,7.3,8.8,24,0.7,350,,10,17.3,39
43.7,41.8,11.6,2.8,51.9,7.3,8.8,24,0.7,350,,100,17.3,34.8
44.7,20.1,28.5,6.7,56.2,8,4.2,22.4,0.51,150,,1,3.2,11.6
44.7,20.1,28.5,6.7,56.2,8,4.2,22.4,0.51,200,,3.2,3.4,27.4
44.7,20.1,28.5,6.7,56.2,8,4.2,22.4,0.51,200,,31.6,3.4,35.2
44.7,20.1,28.5,6.7,56.2,8,4.2,22.4,0.51,300,,3.2,4,42.3
44.7,20.1,28.5,6.7,56.2,8,4.2,22.4,0.51,300,,31.6,4,40.6
44.7,20.1,28.5,6.7,56.2,8,4.2,22.4,0.51,350,,100,5,41.2
44.7,20.1,28.5,6.7,56.2,8,4.2,22.4,0.51,150,,1,11.6,15
44.7,20.1,28.5,6.7,56.2,8,4.2,22.4,0.51,200,,3.2,12.2,28.3
44.7,20.1,28.5,6.7,56.2,8,4.2,22.4,0.51,200,,31.6,12.2,33.9
44.7,20.1,28.5,6.7,56.2,8,4.2,22.4,0.51,300,,3.2,14.4,43.1
44.7,20.1,28.5,6.7,56.2,8,4.2,22.4,0.51,300,,31.6,14.4,49.4
44.7,20.1,28.5,6.7,56.2,8,4.2,22.4,0.51,350,,100,17.3,47.9
42.5,43.3,9.4,4.8,51,7.2,9.1,26.5,0.53,200,,31.6,3.4,5.6
42.5,43.3,9.4,4.8,51,7.2,9.1,26.5,0.53,300,,3.2,4,28.8
42.5,43.3,9.4,4.8,51,7.2,9.1,26.5,0.53,300,,31.6,4,34.7
42.5,43.3,9.4,4.8,51,7.2,9.1,26.5,0.53,200,,3.2,12.2,2.9
42.5,43.3,9.4,4.8,51,7.2,9.1,26.5,0.53,200,,31.6,12.2,4.4
42.5,43.3,9.4,4.8,51,7.2,9.1,26.5,0.53,300,,3.2,14.4,30.5
42.5,43.3,9.4,4.8,51,7.2,9.1,26.5,0.53,300,,31.6,14.4,38.2
61.9,14.7,19.9,3.4,49.9,7.5,3.1,34.6,0.22,150,,10,3.2,5.1
61.9,14.7,19.9,3.4,49.9,7.5,3.1,34.6,0.22,150,,100,3.2,20.8
61.9,14.7,19.9,3.4,49.9,7.5,3.1,34.6,0.22,200,,31.6,3.4,22.2
61.9,14.7,19.9,3.4,49.9,7.5,3.1,34.6,0.22,250,,1,3.6,19.6
61.9,14.7,19.9,3.4,49.9,7.5,3.1,34.6,0.22,250,,10,3.6,22.8
61.9,14.7,19.9,3.4,49.9,7.5,3.1,34.6,0.22,250,,100,3.6,29.1
61.9,14.7,19.9,3.4,49.9,7.5,3.1,34.6,0.22,300,,3.2,4,35
61.9,14.7,19.9,3.4,49.9,7.5,3.1,34.6,0.22,300,,31.6,4,34.6
61.9,14.7,19.9,3.4,49.9,7.5,3.1,34.6,0.22,350,,1,5,32.6
61.9,14.7,19.9,3.4,49.9,7.5,3.1,34.6,0.22,350,,10,5,33.9
61.9,14.7,19.9,3.4,49.9,7.5,3.1,34.6,0.22,350,,100,5,30.3
61.9,14.7,19.9,3.4,49.9,7.5,3.1,34.6,0.22,150,,10,11.6,3.4
61.9,14.7,19.9,3.4,49.9,7.5,3.1,34.6,0.22,150,,100,11.6,13.3
61.9,14.7,19.9,3.4,49.9,7.5,3.1,34.6,0.22,200,,3.2,12.2,17.5
61.9,14.7,19.9,3.4,49.9,7.5,3.1,34.6,0.22,250,,100,13.1,25.9
61.9,14.7,19.9,3.4,49.9,7.5,3.1,34.6,0.22,300,,3.2,14.4,33.5
61.9,14.7,19.9,3.4,49.9,7.5,3.1,34.6,0.22,300,,31.6,14.4,36.7
61.9,14.7,19.9,3.4,49.9,7.5,3.1,34.6,0.22,350,,1,17.3,34
61.9,14.7,19.9,3.4,49.9,7.5,3.1,34.6,0.22,350,,10,17.3,39.4
61.9,14.7,19.9,3.4,49.9,7.5,3.1,34.6,0.22,350,,100,17.3,36.4
31.4,50.9,5.2,12.5,45.6,6.7,10.7,25.2,0.69,300,,3.2,4,18.3
31.4,50.9,5.2,12.5,45.6,6.7,10.7,25.2,0.69,300,,31.6,4,20.1
31.4,50.9,5.2,12.5,45.6,6.7,10.7,25.2,0.69,350,,100,5,18.5
31.4,50.9,5.2,12.5,45.6,6.7,10.7,25.2,0.69,150,,1,11.6,1.3
31.4,50.9,5.2,12.5,45.6,6.7,10.7,25.2,0.69,200,,3.2,12.2,3.4
31.4,50.9,5.2,12.5,45.6,6.7,10.7,25.2,0.69,200,,31.6,12.2,6
31.4,50.9,5.2,12.5,45.6,6.7,10.7,25.2,0.69,300,,3.2,14.4,21.1
31.4,50.9,5.2,12.5,45.6,6.7,10.7,25.2,0.69,300,,31.6,14.4,22.6
11.9,12.4,26,21,36.98,5.97,7.79,26.97,1.29,275,,30,10,14.04
11.9,12.4,26,21,36.98,5.97,7.79,26.97,1.29,300,,30,10,20.01
11.9,12.4,26,21,36.98,5.97,7.79,26.97,1.29,325,,30,10,29.6
11.9,12.4,26,21,36.98,5.97,7.79,26.97,1.29,350,,30,10,26.1
16.92,61.31,5.87,11.3,43.24,6.7,9.81,40.25,0,180,,30,9.09,5.08
16.92,61.31,5.87,11.3,43.24,6.7,9.81,40.25,0,200,,30,9.09,7.31
16.92,61.31,5.87,11.3,43.24,6.7,9.81,40.25,0,220,,30,9.09,9.44
16.92,61.31,5.87,11.3,43.24,6.7,9.81,40.25,0,240,,30,9.09,11.58
16.92,61.31,5.87,11.3,43.24,6.7,9.81,40.25,0,260,,30,9.09,16.12
19.65,55.38,13.77,7,47.23,6.8,8.86,37.11,0,180,,30,9.09,15.59
19.65,55.38,13.77,7,47.23,6.8,8.86,37.11,0,200,,30,9.09,15.9
19.65,55.38,13.77,7,47.23,6.8,8.86,37.11,0,220,,30,9.09,17.46
19.65,55.38,13.77,7,47.23,6.8,8.86,37.11,0,240,,30,9.09,19.78
19.65,55.38,13.77,7,47.23,6.8,8.86,37.11,0,260,,30,9.09,23.7
27.96,39.31,19.93,9.1,49.27,7.27,6.29,37.17,0,180,,30,9.09,20.4
27.96,39.31,19.93,9.1,49.27,7.27,6.29,37.17,0,200,,30,9.09,22.49
27.96,39.31,19.93,9.1,49.27,7.27,6.29,37.17,0,220,,30,9.09,23.61
27.96,39.31,19.93,9.1,49.27,7.27,6.29,37.17,0,240,,30,9.09,25.35
27.96,39.31,19.93,9.1,49.27,7.27,6.29,37.17,0,260,,30,9.09,25.7
31.85,16.38,41.57,7,52.13,7.24,2.62,38.01,0,180,,30,9.09,42.09
31.85,16.38,41.57,7,52.13,7.24,2.62,38.01,0,200,,30,9.09,43.21
31.85,16.38,41.57,7,52.13,7.24,2.62,38.01,0,220,,30,9.09,42.09
31.85,16.38,41.57,7,52.13,7.24,2.62,38.01,0,240,,30,9.09,44.19
31.85,16.38,41.57,7,52.13,7.24,2.62,38.01,0,260,,30,9.09,43.3
30.44,12.38,45.98,7.4,56.03,8.28,1.98,33.71,0,180,,30,9.09,49.71
30.44,12.38,45.98,7.4,56.03,8.28,1.98,33.71,0,200,,30,9.09,50.24
30.44,12.38,45.98,7.4,56.03,8.28,1.98,33.71,0,220,,30,9.09,50.42
30.44,12.38,45.98,7.4,56.03,8.28,1.98,33.71,0,240,,30,9.09,50.6
30.44,12.38,45.98,7.4,56.03,8.28,1.98,33.71,0,260,,30,9.09,50.65
18.5,37.5,14,30,40.49,8.67,3.71,47.13,0,250,,10,20,20.98
18.5,37.5,14,30,40.49,8.67,3.71,47.13,0,250,,20,20,24.48
18.5,37.5,14,30,40.49,8.67,3.71,47.13,0,250,,30,20,30.71
18.5,37.5,14,30,40.49,8.67,3.71,47.13,0,250,,40,20,34.33
18.5,37.5,14,30,40.49,8.67,3.71,47.13,0,250,,60,20,34.17
18.5,37.5,14,30,40.49,8.67,3.71,47.13,0,300,,10,20,28.22
18.5,37.5,14,30,40.49,8.67,3.71,47.13,0,300,,20,20,33.7
18.5,37.5,14,30,40.49,8.67,3.71,47.13,0,300,,30,20,35.7
18.5,37.5,14,30,40.49,8.67,3.71,47.13,0,300,,40,20,41.59
18.5,37.5,14,30,40.49,8.67,3.71,47.13,0,300,,60,20,40.94
18.5,37.5,14,30,40.49,8.67,3.71,47.13,0,350,,10,20,45.42
18.5,37.5,14,30,40.49,8.67,3.71,47.13,0,350,,20,20,42.37
18.5,37.5,14,30,40.49,8.67,3.71,47.13,0,350,,30,20,44.98
18.5,37.5,14,30,40.49,8.67,3.71,47.13,0,350,,40,20,46.06
18.5,37.5,14,30,40.49,8.67,3.71,47.13,0,350,,60,20,44.15
20,59,14,7,52.35,7.27,8.88,24.6,0.66,200,,6.833333333,15,12
20,59,14,7,52.35,7.27,8.88,24.6,0.66,200,,14.66666667,15,18
20,59,14,7,52.35,7.27,8.88,24.6,0.66,200,,39.66666667,15,23
20,59,14,7,52.35,7.27,8.88,24.6,0.66,250,,1.333333333,15,12
20,59,14,7,52.35,7.27,8.88,24.6,0.66,250,,4.833333333,15,24
20,59,14,7,52.35,7.27,8.88,24.6,0.66,250,,19.75,15,33
20,59,14,7,52.35,7.27,8.88,24.6,0.66,250,,59.83333333,15,41
20,59,14,7,52.35,7.27,8.88,24.6,0.66,300,,0.25,15,2
20,59,14,7,52.35,7.27,8.88,24.6,0.66,300,,0.416666667,15,2
20,59,14,7,52.35,7.27,8.88,24.6,0.66,300,,0.583333333,15,2
20,59,14,7,52.35,7.27,8.88,24.6,0.66,300,,1.25,15,18
20,59,14,7,52.35,7.27,8.88,24.6,0.66,300,,1.75,15,26
20,59,14,7,52.35,7.27,8.88,24.6,0.66,300,,3.166666667,15,39
20,59,14,7,52.35,7.27,8.88,24.6,0.66,300,,8,15,42
20,59,14,7,52.35,7.27,8.88,24.6,0.66,300,,14.83333333,15,43
20,59,14,7,52.35,7.27,8.88,24.6,0.66,300,,39.66666667,15,38
20,59,14,7,52.35,7.27,8.88,24.6,0.66,350,,0.166666667,15,2
20,59,14,7,52.35,7.27,8.88,24.6,0.66,350,,1.166666667,15,27
20,59,14,7,52.35,7.27,8.88,24.6,0.66,350,,2.083333333,15,37
20,59,14,7,52.35,7.27,8.88,24.6,0.66,350,,4.333333333,15,42
20,59,14,7,52.35,7.27,8.88,24.6,0.66,350,,6.666666667,15,40
20,59,14,7,52.35,7.27,8.88,24.6,0.66,350,,9,15,43
20,59,14,7,52.35,7.27,8.88,24.6,0.66,350,,24.66666667,15,42
20,59,14,7,52.35,7.27,8.88,24.6,0.66,350,,59.75,15,39
20,59,14,7,52.35,7.27,8.88,24.6,0.66,400,,0.25,15,2
20,59,14,7,52.35,7.27,8.88,24.6,0.66,400,,0.416666667,15,2
20,59,14,7,52.35,7.27,8.88,24.6,0.66,400,,0.833333333,15,25
20,59,14,7,52.35,7.27,8.88,24.6,0.66,400,,1.5,15,38
20,59,14,7,52.35,7.27,8.88,24.6,0.66,400,,2.083333333,15,40
20,59,14,7,52.35,7.27,8.88,24.6,0.66,400,,3.416666667,15,45
20,59,14,7,52.35,7.27,8.88,24.6,0.66,400,,5.833333333,15,40
20,59,14,7,52.35,7.27,8.88,24.6,0.66,400,,8.166666667,15,43
20,59,14,7,52.35,7.27,8.88,24.6,0.66,400,,14.83333333,15,36
20,59,14,7,52.35,7.27,8.88,24.6,0.66,400,,39.83333333,15,33
20,59,14,7,52.35,7.27,8.88,24.6,0.66,450,,0.583333333,15,20
20,59,14,7,52.35,7.27,8.88,24.6,0.66,450,,0.916666667,15,33
20,59,14,7,52.35,7.27,8.88,24.6,0.66,500,,0.166666667,15,1
20,59,14,7,52.35,7.27,8.88,24.6,0.66,500,,0.25,15,1
20,59,14,7,52.35,7.27,8.88,24.6,0.66,500,,0.416666667,15,20
37.85,47.8,4.35,10,48.13,5.14,9.99,35.5,1.24,150,,30,20,2.7
37.85,47.8,4.35,10,48.13,5.14,9.99,35.5,1.24,200,,30,20,4.4
37.85,47.8,4.35,10,48.13,5.14,9.99,35.5,1.24,250,,30,20,16.5
37.85,47.8,4.35,10,48.13,5.14,9.99,35.5,1.24,300,,30,20,18.9
42.29,45.1,3.21,9.4,42.4,3.9,9.41,42.93,1.36,150,,30,20,
42.29,45.1,3.21,9.4,42.4,3.9,9.41,42.93,1.36,200,,30,20,2.3
42.29,45.1,3.21,9.4,42.4,3.9,9.41,42.93,1.36,250,,30,20,8.1
42.29,45.1,3.21,9.4,42.4,3.9,9.41,42.93,1.36,300,,30,20,13.98
20,59,14,3,52.56,7.35,8.58,28,0.57,350,,10,14.1,44.6
20,59,14,3,52.56,7.35,8.58,28,0.57,350,,30,14.1,43.7
20,59,14,3,52.56,7.35,8.58,28,0.57,350,,45,14.1,44.7
20,59,14,3,52.56,7.35,8.58,28,0.57,350,,60,14.1,44.1
20,59,14,3,52.56,7.35,8.58,28,0.57,350,,20,8.6,34.8
20,59,14,3,52.56,7.35,8.58,28,0.57,350,,20,11.4,44.8
20,59,14,3,52.56,7.35,8.58,28,0.57,350,,20,16.5,44.7
20,59,14,3,52.56,7.35,8.58,28,0.57,350,,20,18.7,47
11,53,18,18,46,8,10.2,35,0.8,310,,15,20,30
11,53,18,18,46,8,10.2,35,0.8,330,,15,20,32
11,53,18,18,46,8,10.2,35,0.8,350,,15,20,38
11,53,18,18,46,8,10.2,35,0.8,370,,15,20,33
22,58,14,6,42,7,8,40,3,310,,15,20,40
22,58,14,6,42,7,8,40,3,330,,15,20,36
22,58,14,6,42,7,8,40,3,350,,15,20,50
22,58,14,6,42,7,8,40,3,370,,15,20,42
7.2,33.4,9.21,24.3,36.04,5.22,6.98,26.9,0.58,300,25,5,15,14.95
7.2,33.4,9.21,24.3,36.04,5.22,6.98,26.9,0.58,300,25,10,15,17.09
7.2,33.4,9.21,24.3,36.04,5.22,6.98,26.9,0.58,300,25,20,15,17.27
7.2,33.4,9.21,24.3,36.04,5.22,6.98,26.9,0.58,300,25,30,15,19.81
7.2,33.4,9.21,24.3,36.04,5.22,6.98,26.9,0.58,300,25,40,15,11.76
7.2,33.4,9.21,24.3,36.04,5.22,6.98,26.9,0.58,500,25,0.33333,15,3.77
7.2,33.4,9.21,24.3,36.04,5.22,6.98,26.9,0.58,500,25,0.5,15,19.47
7.2,33.4,9.21,24.3,36.04,5.22,6.98,26.9,0.58,500,25,0.6666,15,21.67
7.2,33.4,9.21,24.3,36.04,5.22,6.98,26.9,0.58,500,25,0.8333,15,19.24
7.2,33.4,9.21,24.3,36.04,5.22,6.98,26.9,0.58,500,25,1,15,15.76
7.2,33.4,9.21,24.3,36.04,5.22,6.98,26.9,0.58,300,25,30,25,23.12
7.2,33.4,9.21,24.3,36.04,5.22,6.98,26.9,0.58,300,25,30,20,24.23
7.2,33.4,9.21,24.3,36.04,5.22,6.98,26.9,0.58,300,25,30,15,19.79
7.2,33.4,9.21,24.3,36.04,5.22,6.98,26.9,0.58,300,25,30,10,16.23
7.2,33.4,9.21,24.3,36.04,5.22,6.98,26.9,0.58,300,25,30,5,11.85
7.2,33.4,9.21,24.3,36.04,5.22,6.98,26.9,0.58,300,25,30,2,9.81
7.2,33.4,9.21,24.3,36.04,5.22,6.98,26.9,0.58,500,25,0.67,30,17.92
7.2,33.4,9.21,24.3,36.04,5.22,6.98,26.9,0.58,500,25,0.6666,25,19.44
7.2,33.4,9.21,24.3,36.04,5.22,6.98,26.9,0.58,500,25,0.6666,20,21.49
7.2,33.4,9.21,24.3,36.04,5.22,6.98,26.9,0.58,500,25,0.6666,15,17.63
7.2,33.4,9.21,24.3,36.04,5.22,6.98,26.9,0.58,500,25,0.6666,10,16.58
7.2,33.4,9.21,24.3,36.04,5.22,6.98,26.9,0.58,500,25,0.6666,5,16.23
7.2,33.4,9.21,24.3,36.04,5.22,6.98,26.9,0.58,500,25,0.6666,2,15.64
36.4,45.8,14.5,11.7,56.2,6.9,7.7,28.7,0.6,350,,1.4,10,39.7
36.4,45.8,14.5,11.7,56.2,6.9,7.7,28.7,0.6,350,,5.8,10,36.8
10,37.6,30.8,,52.7,7.62,8.2,,,300,45,45,15,28.6
,,20,16.8,37.5,6.47,7.25,27.3,0.83,275,27.3,15,13,34.8
,,20,16.8,37.5,6.47,7.25,27.3,0.83,300,29.2,15,13,36.3
,,20,16.8,37.5,6.47,7.25,27.3,0.83,325,26.8,15,13,36.2
,,20,16.8,37.5,6.47,7.25,27.3,0.83,350,31.4,15,13,38.8
,,20,16.8,37.5,6.47,7.25,27.3,0.83,400,27,15,13,32.9
,,20,16.8,37.5,6.47,7.25,27.3,0.83,420,31,15,13,31.4
,,,29.8,32.33,5.67,3.41,28.79,0,325,19,30,15,34.8
,,,16.6,44.02,5.63,2.9,30.87,0,325,19,30,15,39.6
,,,,52.6,7.35,8.58,27,0.57,350,,10,14.1,44.6
,,,,52.6,7.35,8.58,27,0.57,350,,30,14.1,43.7
,,,,52.6,7.35,8.58,27,0.57,350,,45,14.1,44.7
,,,,52.6,7.35,8.58,27,0.57,350,,60,14.1,44.1
,,,,52.6,7.35,8.58,27,0.57,350,,20,8.6,34.8
,,,,52.6,7.35,8.58,27,0.57,350,,20,11.4,44.8
,,,,52.6,7.35,8.58,27,0.57,350,,20,16.5,44.7
,,,,52.6,7.35,8.58,27,0.57,350,,20,18.7,47
29,11,53,7,,,,,,250,,20,15,27
29,11,53,7,,,,,,250,,30,15,28
29,11,53,7,,,,,,250,,60,15,23
29,11,53,7,,,,,,250,,90,15,27
29,11,53,7,,,,,,300,,10,15,30
29,11,53,7,,,,,,300,,20,15,43
29,11,53,7,,,,,,300,,40,15,46
29,11,53,7,,,,,,300,,60,15,46
29,11,53,7,,,,,,350,,10,15,44
29,11,53,7,,,,,,350,,20,15,48
29,11,53,7,,,,,,350,,40,15,46
29,11,53,7,,,,,,350,,60,15,45
29,11,53,7,,,,,,400,,10,15,44
29,11,53,7,,,,,,400,,20,15,43
29,11,53,7,,,,,,400,,30,15,35
29,11,53,7,,,,,,400,,40,15,40
31,50,8,11,,,,,,250,,20,15,29
31,50,8,11,,,,,,250,,30,15,40
31,50,8,11,,,,,,250,,60,15,31
31,50,8,11,,,,,,250,,90,15,38
31,50,8,11,,,,,,300,,10,15,39
31,50,8,11,,,,,,300,,20,15,38
31,50,8,11,,,,,,300,,40,15,41
31,50,8,11,,,,,,300,,60,15,34
31,50,8,11,,,,,,350,,10,15,41
31,50,8,11,,,,,,350,,20,15,35
31,50,8,11,,,,,,350,,40,15,37
31,50,8,11,,,,,,350,,60,15,42
31,50,8,11,,,,,,400,,10,15,34
31,50,8,11,,,,,,400,,20,15,31
31,50,8,11,,,,,,400,,30,15,30
31,50,8,11,,,,,,400,,40,15,29
,,,9.53,54.12,7.82,6.94,30.66,0.46,240,,60,6.97,18.66
,,,9.53,54.12,7.82,6.94,30.66,0.46,260,,60,6.97,23
,,,9.53,54.12,7.82,6.94,30.66,0.46,280,,60,6.97,24.66
,,,9.53,54.12,7.82,6.94,30.66,0.46,300,,60,6.97,28.66
,,,9.53,54.12,7.82,6.94,30.66,0.46,320,,60,6.97,27.01
,63.7,7.8,,44.4,6.7,9.8,38.3,0.69,363,12.03,52,15.5,40.8
,63.7,7.8,,44.4,6.7,9.8,38.3,0.69,363,11.89,28,15.5,43.5
,63.7,7.8,,44.4,6.7,9.8,38.3,0.69,327,11.33,52,15.5,38.1
,63.7,7.8,,44.4,6.7,9.8,38.3,0.69,327,11.12,28,15.5,38.9
,63.7,7.8,,44.4,6.7,9.8,38.3,0.69,363,11.91,52,9.5,38.7
,63.7,7.8,,44.4,6.7,9.8,38.3,0.69,363,11.78,28,9.5,40.3
,63.7,7.8,,44.4,6.7,9.8,38.3,0.69,327,10.98,52,9.5,37.5
,63.7,7.8,,44.4,6.7,9.8,38.3,0.69,327,10.62,28,15.5,38.8
,63.7,7.8,,44.4,6.7,9.8,38.3,0.69,345,11.34,40,17.5,43.3
,63.7,7.8,,44.4,6.7,9.8,38.3,0.69,345,11.57,40,9.5,38.2
,63.7,7.8,,44.4,6.7,9.8,38.3,0.69,375,12.75,40,12.5,42.6
,63.7,7.8,,44.4,6.7,9.8,38.3,0.69,327,10.91,40,12.5,37.2
,63.7,7.8,,44.4,6.7,9.8,38.3,0.69,345,11.86,60,12.5,38.8
,63.7,7.8,,44.4,6.7,9.8,38.3,0.69,345,11.12,20,12.5,39.2
,63.7,7.8,,44.4,6.7,9.8,38.3,0.69,345,11.32,40,12.5,43.6
,63.7,7.8,,44.4,6.7,9.8,38.3,0.69,345,11.51,40,12.5,44.2
,63.7,7.8,,44.4,6.7,9.8,38.3,0.69,345,11.33,40,12.5,43.9
,63.7,7.8,,44.4,6.7,9.8,38.3,0.69,345,11.36,40,12.5,43.3
,63.7,7.8,,44.4,6.7,9.8,38.3,0.69,345,11.48,40,12.5,44.4
,63.7,7.8,,44.4,6.7,9.8,38.3,0.69,345,11.22,40,12.5,42.9
56.97,14.26,21.76,7,,,,,,200,1.38,30,10,21.16
56.97,14.26,21.76,7,,,,,,225,1.38,30,10,25.72
56.97,14.26,21.76,7,,,,,,250,1.38,30,10,25.4
56.97,14.26,21.76,7,,,,,,275,1.38,30,10,27.24
56.97,14.26,21.76,7,,,,,,300,1.38,30,10,47.43
56.97,14.26,21.76,7,,,,,,330,1.38,30,10,37.66
42.88,44.62,10.7,2.5,,,,,,200,1.38,30,10,12.32
42.88,44.62,10.7,2.5,,,,,,225,1.38,30,10,20.02
42.88,44.62,10.7,2.5,,,,,,250,1.38,30,10,27.9
42.88,44.62,10.7,2.5,,,,,,275,1.38,30,10,32.69
42.88,44.62,10.7,2.5,,,,,,300,1.38,30,10,32.69
42.88,44.62,10.7,2.5,,,,,,330,1.38,30,10,30.64
12.54,19.16,33.15,5.15,53.13,7.33,8.52,30.1,0.98,320,,10,7.74,35
12.54,19.16,33.15,5.15,53.13,7.33,8.52,30.1,0.98,320,,30,7.74,25.6
9.8,58.49,17.59,14.12,47.14,6.94,7.5,37.29,1.12,320,,10,7.74,34
9.8,58.49,17.59,14.12,47.14,6.94,7.5,37.29,1.12,320,,30,7.74,30
,,,5.22,49.21,7.37,9.58,31.23,0.17,280,,,40,54.13
,,,5.22,49.21,7.37,9.58,31.23,0.17,320,,,40,46.1
,,,5.22,49.21,7.37,9.58,31.23,0.17,280,,,80,42.03
,,,5.22,49.21,7.37,9.58,31.23,0.17,320,,,80,32.05
,,,5.22,49.21,7.37,9.58,31.23,0.17,250,,,60,48.48
,,,5.22,49.21,7.37,9.58,31.23,0.17,350,,,60,36.97
,,,5.22,49.21,7.37,9.58,31.23,0.17,300,,,20,43.23
,,,5.22,49.21,7.37,9.58,31.23,0.17,300,,,100,23.83
,,,5.22,49.21,7.37,9.58,31.23,0.17,300,,,60,41
